Count,log(Count),Taste
1,0,Spicy
10,2.302585093,Salty
22,3.091042453,Astringent
23,3.135494216,Kokumi
34,3.526360525,Sour
36,3.583518938,Sweet
241,5.484796933,Bitter
242,5.488937726,Umami
